{
  "controller/userView.controller.js": 1714719734756,
  "model/models.js": 1714544523045,
  "manifest.json": 1714731728313,
  "i18n/i18n.properties": 1714544523041,
  "controller/details.controller.js": 1714719726612,
  "controller/baseController.js": 1714719710816,
  "controller/App.controller.js": 1714719718072,
  "Component.js": 1714544523041,
  "Component-preload.js": 1714731728470,
  "controller/baseController-dbg.js": 1714719710816,
  "controller/userView-dbg.controller.js": 1714719734756,
  "controller/details-dbg.controller.js": 1714719726612,
  "model/models-dbg.js": 1714544523045,
  "controller/App-dbg.controller.js": 1714719718072,
  "Component-dbg.js": 1714544523041,
  "view/userView.view.xml": 1714719861936,
  "view/details.view.xml": 1714645186312,
  "view/App.view.xml": 1714544523045,
  "fragments/personalInfo.fragment.xml": 1714544523041,
  "fragments/createAuthor.fragment.xml": 1714544523041,
  "fragments/authorHeaderContent.fragment.xml": 1714544523041,
  "fragments/authorDetails.fragment.xml": 1714544523041,
  "fragments/addressDetails.fragment.xml": 1714544523041,
  "images/author.jpg": 1714544523045,
  "images/Writer.png": 1714544523045,
  "images/LinkedIN.png": 1714544523041,
  "css/style.css": 1714544523041,
  "index.html": 1714544523045
}